Date,Open,High,Low,Close,Volume,Dividends,Stock Splits
2022-12-05 00:00:00-05:00,16.66945322345589,16.98527231898868,16.462570985339198,16.600492477416992,352255000,0.0,0.0
2022-12-06 00:00:00-05:00,16.520537411541184,16.563512062429563,15.809944010325303,15.977848052978516,352694000,0.0,0.0
2022-12-07 00:00:00-05:00,15.762971769959897,16.176735290178346,15.658031380659532,16.11077308654785,372388000,0.0,0.0
2022-12-08 00:00:00-05:00,16.263686881648894,17.169168470715043,15.949865516477596,17.1591739654541,515456000,0.0,0.0
2022-12-09 00:00:00-05:00,17.15017561841568,17.572933783234895,16.965282066059185,16.99126625061035,465338000,0.0,0.0
2022-12-12 00:00:00-05:00,17.027247373122076,17.527960013378944,16.787384996239922,17.524961471557617,457328000,0.0,0.0
2022-12-13 00:00:00-05:00,18.52039192039027,18.779244431553703,17.700861640847904,18.061655044555664,656589000,0.0,0.0
2022-12-14 00:00:00-05:00,17.976701832760508,18.241551414721492,17.410027008349992,17.663881301879883,496888000,0.0,0.0
2022-12-15 00:00:00-05:00,17.136182329207788,17.310082485542775,16.69043855708007,16.942293167114258,478542000,0.0,0.0
2022-12-16 00:00:00-05:00,16.854347361725484,17.031246092623952,16.400606758706388,16.561513900756836,478232000,0.0,0.0
2022-12-19 00:00:00-05:00,16.562510538893314,16.599488100320013,16.135755014913677,16.244691848754883,354039000,0.0,0.0
2022-12-20 00:00:00-05:00,16.054802519296246,16.30066197378385,15.842924949401958,16.075790405273438,403260000,0.0,0.0
2022-12-21 00:00:00-05:00,16.104774786121816,16.617481573055603,16.09278061931862,16.491552352905273,325025000,0.0,0.0
2022-12-22 00:00:00-05:00,16.084786199100055,16.128761634766033,14.873480164452587,15.330218315124512,565045000,0.0,0.0
2022-12-23 00:00:00-05:00,15.187299731911192,15.33021750747535,14.874479212449126,15.197294235229492,349326000,0.0,0.0
2022-12-27 00:00:00-05:00,15.065370467207638,15.091355605037583,14.047952671597788,14.112915992736816,464902000,0.0,0.0
2022-12-28 00:00:00-05:00,13.919025842721487,14.253834069400174,13.87605024216945,14.027963638305664,351066000,0.0,0.0
2022-12-29 00:00:00-05:00,14.393755586021786,14.674593903575705,14.218855579201936,14.594639778137207,354923000,0.0,0.0
2022-12-30 00:00:00-05:00,14.325795221542045,14.620626447389453,14.224853199091601,14.605635643005371,310490000,0.0,0.0
2023-01-03 00:00:00-05:00,14.842497074721537,14.987414514255205,14.087929226317023,14.306803703308105,401277000,0.0,0.0
2023-01-04 00:00:00-05:00,14.558660751619191,14.8444963145325,14.23284717378439,14.740555763244629,431324000,0.0,0.0
2023-01-05 00:00:00-05:00,14.48270448373044,14.555662647524818,14.139900429872458,14.256834030151367,389168000,0.0,0.0
2023-01-06 00:00:00-05:00,14.465714543734535,15.001407969859724,14.025966834790715,14.850494384765625,405044000,0.0,0.0
2023-01-09 00:00:00-05:00,15.275250904429996,16.0468083241293,15.13233216395853,15.619053840637207,504231000,0.0,0.0
2023-01-10 00:00:00-05:00,15.49812158751992,15.952861005446422,15.463141778929927,15.89989185333252,384101000,0.0,0.0
2023-01-11 00:00:00-05:00,15.83093227754041,16.018824379270974,15.554090423857334,15.991839408874512,353285000,0.0,0.0
2023-01-12 00:00:00-05:00,16.090781005657007,16.62747225175564,15.483128411050352,16.501544952392578,551409000,0.0,0.0
2023-01-13 00:00:00-05:00,16.26867946882765,16.912311735712795,16.15574520703752,16.889324188232422,447287000,0.0,0.0
2023-01-17 00:00:00-05:00,16.88932611221789,17.71785201298089,16.88932611221789,17.691865921020508,511102000,0.0,0.0
2023-01-18 00:00:00-05:00,17.65688505535976,17.862766490395252,17.272105247915988,17.36705207824707,439624000,0.0,0.0
2023-01-19 00:00:00-05:00,17.02624637529935,17.18715540931897,16.721422585710613,16.755401611328125,452932000,0.0,0.0
2023-01-20 00:00:00-05:00,17.001261724571073,17.8457792239167,16.81536928311488,17.82878875732422,564967000,0.0,0.0
2023-01-23 00:00:00-05:00,18.053657308243604,19.233982833076496,17.807799762857655,19.1820125579834,655163000,0.0,0.0
2023-01-24 00:00:00-05:00,18.81622024440017,19.4838389545003,18.809224282758176,19.253969192504883,496204000,0.0,0.0
2023-01-25 00:00:00-05:00,18.90217221399503,19.35891130865876,18.569362677020276,19.31193733215332,449537000,0.0,0.0
2023-01-26 00:00:00-05:00,19.68971886137336,20.154452741667427,19.266960747685836,19.790660858154297,489535000,0.0,0.0
2023-01-27 00:00:00-05:00,19.450855444907976,20.61618812892553,19.39388887759596,20.35333824157715,542142000,0.0,0.0
2023-01-30 00:00:00-05:00,19.938580515443242,20.12847037868065,19.139037326458475,19.151031494140625,488611000,0.0,0.0
2023-01-31 00:00:00-05:00,19.159025487225453,19.675729709340217,18.93915212076975,19.525815963745117,498017000,0.0,0.0
2023-02-01 00:00:00-05:00,19.679727145291448,21.17986729345943,19.599773020493352,20.931011199951172,660477000,0.0,0.0
2023-02-02 00:00:00-05:00,20.98797576966953,21.936431794223036,20.688148306891144,21.696569442749023,564276000,0.0,0.0
2023-02-03 00:00:00-05:00,20.9879761105944,21.73255038755646,20.7770964798031,21.087919235229492,429366000,0.0,0.0
2023-02-06 00:00:00-05:00,20.7940901396666,21.55765275544817,20.774101130416742,21.076929092407227,452197000,0.0,0.0
2023-02-07 00:00:00-05:00,21.369757549991245,22.246256225519815,21.137890032526258,22.16030502319336,664150000,0.0,0.0
2023-02-08 00:00:00-05:00,22.374180533131458,22.864900519390734,21.995397834920517,22.192285537719727,559651000,0.0,0.0
2023-02-09 00:00:00-05:00,22.59305811449127,23.006820641668277,22.1073363067706,22.32421112060547,523876000,0.0,0.0
2023-02-10 00:00:00-05:00,21.677580661232486,22.06535707098424,20.79908427361807,21.252822875976562,550737000,0.0,0.0
2023-02-13 00:00:00-05:00,21.525669176686808,22.03537742037249,20.949998734553724,21.77552604675293,474919000,0.0,0.0
2023-02-14 00:00:00-05:00,21.56564366430455,23.03580204831527,21.35376516115839,22.957847595214844,675474000,0.0,0.0
2023-02-15 00:00:00-05:00,22.5360899656982,22.84191452966377,22.093344706634667,22.750967025756836,420575000,0.0,0.0
2023-02-16 00:00:00-05:00,22.12032829317972,22.537089377965117,21.91444685329061,21.989404678344727,412026000,0.0,0.0
2023-02-17 00:00:00-05:00,21.61861621683324,21.72755306428815,20.962991656388947,21.375755310058594,465888000,0.0,0.0
2023-02-21 00:00:00-05:00,20.98797885599532,21.481695554391646,20.60619755682923,20.643177032470703,410015000,0.0,0.0
2023-02-22 00:00:00-05:00,20.69514485988403,21.091916915512066,20.409307405524714,20.742116928100586,513184000,0.0,0.0
2023-02-23 00:00:00-05:00,23.426578989303962,23.874322422567772,23.011815699767816,23.650449752807617,1117995000,0.0,0.0
2023-02-24 00:00:00-05:00,23.211704841724604,23.460562846513753,22.933864109472655,23.272668838500977,589716000,0.0,0.0
2023-02-27 00:00:00-05:00,23.65644888535243,23.866327744320984,23.440572942911437,23.487545013427734,452994000,0.0,0.0
2023-02-28 00:00:00-05:00,23.358620030318395,23.811361724294105,23.192714693922248,23.202709197998047,455963000,0.0,0.0
2023-03-01 00:00:00-05:00,23.178723799836956,23.242688247514153,22.49511532196889,22.685007095336914,460026000,0.0,0.0
2023-03-02 00:00:00-05:00,22.4751261408461,23.366613749020377,22.419156539457912,23.30065155029297,389415000,0.0,0.0
2023-03-03 00:00:00-05:00,23.30665029810113,23.88631820426078,23.116758528732188,23.876323699951172,412393000,0.0,0.0
2023-03-06 00:00:00-05:00,23.877322856268016,24.234116913877088,23.47355291597657,23.540515899658203,437429000,0.0,0.0
2023-03-07 00:00:00-05:00,23.59049630096765,24.11528449413532,23.23163971654827,23.278621673583984,515154000,0.004,0.0
2023-03-08 00:00:00-05:00,23.47754009890016,24.190254188145484,23.41456574676149,24.171260833740234,513573000,0.0,0.0
2023-03-09 00:00:00-05:00,24.165264085037887,24.44415296858895,23.373583202532714,23.426563262939453,501257000,0.0,0.0
2023-03-10 00:00:00-05:00,23.39956896178571,23.617481541884928,22.716843576640716,22.955747604370117,474866000,0.0,0.0
2023-03-13 00:00:00-04:00,22.742834476391078,23.288614030929466,22.288017863179054,22.95674705505371,421890000,0.0,0.0
2023-03-14 00:00:00-04:00,23.48653740736149,24.20924579608576,23.450550701201063,24.053308486938477,474910000,0.0,0.0
2023-03-15 00:00:00-04:00,23.751429771842066,24.276217943128035,23.35059220778965,24.218242645263672,524486000,0.0,0.0
2023-03-16 00:00:00-04:00,24.017323841363197,25.577694084421466,23.884376078535997,25.53071403503418,583253000,0.0,0.0
2023-03-17 00:00:00-04:00,25.97153612670205,26.388367997343895,25.65766150694541,25.71463966369629,848547000,0.0,0.0
2023-03-20 00:00:00-04:00,25.604683265847196,26.01351893664222,25.119877990705387,25.889568328857422,432747000,0.0,0.0
2023-03-21 00:00:00-04:00,26.169456504285524,26.38137101608987,25.370778509144653,26.188447952270508,547408000,0.0,0.0
2023-03-22 00:00:00-04:00,26.414354480324587,27.577887051590615,26.22643048672926,26.457338333129883,797295000,0.0,0.0
2023-03-23 00:00:00-04:00,27.104080288665724,27.487926425897907,26.679252203061957,27.180049896240234,564889000,0.0,0.0
2023-03-24 00:00:00-04:00,27.020114505117235,27.156059416361657,26.344386141677592,26.76821517944336,454920000,0.0,0.0
2023-03-27 00:00:00-04:00,26.826193618628928,26.98912809128185,26.354383553678694,26.52031707763672,361026000,0.0,0.0
2023-03-28 00:00:00-04:00,26.436350227302533,26.502323633677356,25.839590518741986,26.399364471435547,356104000,0.0,0.0
2023-03-29 00:00:00-04:00,26.814196728643424,27.06709318310633,26.586287917286803,26.97313117980957,393694000,0.0,0.0
2023-03-30 00:00:00-04:00,27.218035720410164,27.48792745639861,27.091086051434967,27.371973037719727,364516000,0.0,0.0
2023-03-31 00:00:00-04:00,27.129069328619032,27.822790078832114,27.09408357665559,27.76581382751465,433933000,0.0,0.0
2023-04-03 00:00:00-04:00,27.49792153810426,27.988723010147382,27.324990878233407,27.953737258911133,398716000,0.0,0.0
2023-04-04 00:00:00-04:00,27.954738031466885,27.988724736644425,27.296003006274958,27.441944122314453,368592000,0.0,0.0
2023-04-05 00:00:00-04:00,26.81819530479072,26.987125960152234,26.384370079613362,26.870174407958984,515015000,0.0,0.0
2023-04-06 00:00:00-04:00,26.57329302495289,27.069093552563235,26.41635666795131,27.026111602783203,397654000,0.0,0.0
2023-04-10 00:00:00-04:00,26.81219791626509,27.609876884850678,26.658260605569122,27.567893981933594,395279000,0.0,0.0
2023-04-11 00:00:00-04:00,27.712834942363056,27.778808345260348,27.11507431052843,27.158058166503906,314378000,0.0,0.0
2023-04-12 00:00:00-04:00,27.35897876282048,27.456938870512413,26.43734917353215,26.484331130981445,446259000,0.0,0.0
2023-04-13 00:00:00-04:00,26.72323183996422,26.876170095509604,26.31839617838194,26.452341079711914,353615000,0.0,0.0
2023-04-14 00:00:00-04:00,26.493327375423345,26.872174474135008,26.209441336803437,26.747224807739258,395660000,0.0,0.0
2023-04-17 00:00:00-04:00,26.55429896798996,26.99512129828443,26.422352173977742,26.99112319946289,321471000,0.0,0.0
2023-04-18 00:00:00-04:00,27.521912182634,28.098679463526345,27.34598247080466,27.65585708618164,604812000,0.0,0.0
2023-04-19 00:00:00-04:00,27.34998009295291,27.98872266709497,27.221032339036874,27.919750213623047,358660000,0.0,0.0
2023-04-20 00:00:00-04:00,27.659857366923983,28.01871396916906,26.989128028383913,27.09308624267578,427713000,0.0,0.0
2023-04-21 00:00:00-04:00,26.941143545305255,27.172051399666493,26.711236645634667,27.108076095581055,345103000,0.0,0.0
2023-04-24 00:00:00-04:00,27.00212120684794,27.354977772801046,26.66025798384213,27.031108856201172,339282000,0.0,0.0
2023-04-25 00:00:00-04:00,27.06709339271185,27.236025952957405,26.214438206262606,26.230430603027344,378527000,0.0,0.0
2023-04-26 00:00:00-04:00,26.99112374244649,27.318990731371873,26.69424249665647,26.945140838623047,406337000,0.0,0.0
2023-04-27 00:00:00-04:00,27.351980344911333,27.483927151038262,26.614276707066878,27.21503448486328,377161000,0.0,0.0
2023-04-28 00:00:00-04:00,27.214036252653205,27.74682064047576,27.06009703650269,27.737825393676758,292216000,0.0,0.0
2023-05-01 00:00:00-04:00,27.82878676342718,29.04629658947545,27.76881146405654,28.89835548400879,570329000,0.0,0.0
2023-05-02 00:00:00-04:00,28.668448928070163,28.824386233586306,28.07168925835232,28.198637008666992,402730000,0.0,0.0
2023-05-03 00:00:00-04:00,27.828788713099787,28.355576912135824,27.46093687978232,27.790803909301758,383387000,0.0,0.0
2023-05-04 00:00:00-04:00,27.63986245534637,27.847778865069266,27.229028689804167,27.550899505615234,321850000,0.0,0.0
2023-05-05 00:00:00-04:00,27.81479325982812,28.743418051570387,27.719832207557047,28.66844940185547,361494000,0.0,0.0
2023-05-08 00:00:00-04:00,28.510511073739593,29.208229882782057,28.33858137499953,29.139257431030273,344979000,0.0,0.0
2023-05-09 00:00:00-04:00,28.887361030393897,28.96133063187401,28.438542461008993,28.559492111206055,314869000,0.0,0.0
2023-05-10 00:00:00-04:00,28.993317914022814,29.101276127242738,28.449538281554585,28.873367309570312,369350000,0.0,0.0
2023-05-11 00:00:00-04:00,28.884362901407766,28.938342008657227,28.23462505094783,28.566490173339844,322149000,0.0,0.0
2023-05-12 00:00:00-04:00,28.517509637382844,28.768409907814032,28.034704357767353,28.32858657836914,274222000,0.0,0.0
2023-05-15 00:00:00-04:00,28.49651524711829,28.957329980034125,28.14065966496456,28.941335678100586,293926000,0.0,0.0
2023-05-16 00:00:00-04:00,28.829383003889294,29.85796977796409,28.820387757611613,29.20123291015625,449405000,0.0,0.0
2023-05-17 00:00:00-04:00,29.572085230647904,30.186837322098157,29.418147922387085,30.16584587097168,432535000,0.0,0.0
2023-05-18 00:00:00-04:00,30.397752276892543,31.815180447919747,30.30778837169765,31.665241241455078,748725000,0.0,0.0
2023-05-19 00:00:00-04:00,31.523297428244547,31.567280331561893,30.90354821559862,31.251407623291016,473908000,0.0,0.0
2023-05-22 00:00:00-04:00,30.88855564003935,31.507307764805805,30.66764586932028,31.1634464263916,372000000,0.0,0.0
2023-05-23 00:00:00-04:00,30.987514722471698,31.275398836984454,30.618663856139253,30.675640106201172,356253000,0.0,0.0
2023-05-24 00:00:00-04:00,30.197830709641003,30.59467206680684,29.793994109111512,30.525699615478516,721419000,0.0,0.0
2023-05-25 00:00:00-04:00,38.507483173801326,39.46409846180072,36.62024310213544,37.96470260620117,1543911000,0.0,0.0
2023-05-26 00:00:00-04:00,37.874738672872994,39.15422191511105,37.5348754600084,38.93031311035156,714397000,0.0,0.0
2023-05-30 00:00:00-04:00,40.5786549005561,41.92111262226945,39.932915115794046,40.0948486328125,923401000,0.0,0.0
2023-05-31 00:00:00-04:00,39.47209698947003,40.27877121424953,37.80676752817767,37.818763732910156,1002580000,0.0,0.0
2023-06-01 00:00:00-04:00,38.47349274860731,40.033864708334335,38.32455451349653,39.75397872924805,635873000,0.0,0.0
2023-06-02 00:00:00-04:00,40.0808513877233,40.4836889607935,39.04226837210495,39.311161041259766,482731000,0.0,0.0
2023-06-05 00:00:00-04:00,38.89332833956845,39.54906234169284,38.69141003819206,39.15522384643555,396094000,0.0,0.0
2023-06-06 00:00:00-04:00,38.81436699911289,39.14423214234944,38.13263858518963,38.63843536376953,388729000,0.0,0.0
2023-06-07 00:00:00-04:00,38.90335079217519,39.48717559189998,37.34481559356307,37.46377944946289,511998000,0.004,0.0
2023-06-08 00:00:00-04:00,37.71271003499107,38.852368277352056,37.49377761528145,38.49847412109375,417772000,0.0,0.0
2023-06-09 00:00:00-04:00,39.02531068305586,39.69910866719255,38.55545399894839,38.758392333984375,427717000,0.0,0.0
2023-06-12 00:00:00-04:00,39.188271027095524,39.518170298823215,38.60644444555935,39.470184326171875,388701000,0.0,0.0
2023-06-13 00:00:00-04:00,40.17397529793317,41.088702402503664,39.72810961617464,41.00972366333008,613208000,0.0,0.0
2023-06-14 00:00:00-04:00,40.811780992942765,42.98712831389447,40.539859240962855,42.984130859375,740465000,0.0,0.0
2023-06-15 00:00:00-04:00,42.589252474571985,43.27604716332147,42.13438680352823,42.640235900878906,568622000,0.0,0.0
2023-06-16 00:00:00-04:00,43.43699463088833,43.70791341941538,42.648229342271506,42.679222106933594,655709000,0.0,0.0
2023-06-20 00:00:00-04:00,42.98512866078125,43.976832262488664,42.661224345749666,43.794883728027344,451153000,0.0,0.0
2023-06-21 00:00:00-04:00,43.487980748860714,43.601948858783885,42.067408396341406,43.0321159362793,551603000,0.0,0.0
2023-06-22 00:00:00-04:00,42.240351013203316,43.41300024167843,42.22135950713718,43.012123107910156,417737000,0.0,0.0
2023-06-23 00:00:00-04:00,42.451290095951826,42.79618423504901,42.002423181742735,42.19636535644531,358140000,0.0,0.0
2023-06-26 00:00:00-04:00,42.448289856623255,42.751200571386164,40.0879964485597,40.61983871459961,594322000,0.0,0.0
2023-06-27 00:00:00-04:00,40.786787078532335,41.92744437408236,40.435894220889395,41.86346435546875,462175000,0.0,0.0
2023-06-28 00:00:00-04:00,40.647830413186554,41.83247711858963,40.50587462189717,41.10469436645508,582639000,0.0,0.0
2023-06-29 00:00:00-04:00,41.545559888932274,41.58754713481743,40.58784644586936,40.80978012084961,380514000,0.0,0.0
2023-06-30 00:00:00-04:00,41.66752548878771,42.537264030152954,41.48857820921819,42.289337158203125,501148000,0.0,0.0
2023-07-03 00:00:00-04:00,42.5042756726369,42.885162182347656,42.18937130487089,42.400306701660156,198209000,0.0,0.0
2023-07-05 00:00:00-04:00,42.122387997175544,43.16407596035713,42.072403724078974,42.30433654785156,323618000,0.0,0.0
2023-07-06 00:00:00-04:00,41.83147933419032,42.1663781652369,41.33362726974489,42.09040069580078,303582000,0.0,0.0
2023-07-07 00:00:00-04:00,42.30932695928145,43.20106199048979,42.16737118399866,42.490272521972656,355881000,0.0,0.0
2023-07-10 00:00:00-04:00,42.64423205637237,42.79818528504983,41.636530568827396,42.16737365722656,353908000,0.0,0.0
2023-07-11 00:00:00-04:00,42.468284748823784,42.74520227192143,42.05441100506613,42.39230728149414,298244000,0.0,0.0
2023-07-12 00:00:00-04:00,43.02011944041349,43.92184986270228,42.764195552852364,43.888858795166016,481277000,0.0,0.0
2023-07-13 00:00:00-04:00,44.50467488694352,46.14118206716179,44.478681693893485,45.96323776245117,478204000,0.0,0.0
2023-07-14 00:00:00-04:00,46.569055875329795,48.07360643149831,45.04651296496498,45.45539093017578,772075000,0.0,0.0
2023-07-17 00:00:00-04:00,46.2751483675716,46.48208333648882,45.24845529491012,46.44709396362305,510488000,0.0,0.0
2023-07-18 00:00:00-04:00,46.68702022204566,47.8816621925044,45.72031064023396,47.47978210449219,569164000,0.0,0.0
2023-07-19 00:00:00-04:00,47.44979336973207,47.80368749893828,46.728009362936724,47.06290817260742,427502000,0.0,0.0
2023-07-20 00:00:00-04:00,46.49307841934342,47.07290663084455,45.04851127522588,45.50637435913086,537865000,0.0,0.0
2023-07-21 00:00:00-04:00,45.774291764941616,45.852271344797494,44.08679733484349,44.29573440551758,963769000,0.0,0.0
2023-07-24 00:00:00-04:00,44.717615763301666,45.0955048342122,44.02682442812687,44.59865188598633,382516000,0.0,0.0
2023-07-25 00:00:00-04:00,44.927550902603436,46.169175934028694,44.90955473413191,45.66532897949219,348081000,0.0,0.0
2023-07-26 00:00:00-04:00,46.007222540946486,46.0392144559779,44.61664012577372,45.438392639160156,364237000,0.0,0.0
2023-07-27 00:00:00-04:00,46.505079031131245,47.380816317043035,45.73630816685934,45.88626480102539,455976000,0.0,0.0
2023-07-28 00:00:00-04:00,46.65403530889385,47.012929048542965,46.367122435633824,46.73601150512695,331194000,0.0,0.0
2023-07-31 00:00:00-04:00,46.740009454999814,47.115896379584974,46.49208257614575,46.71501541137695,251055000,0.0,0.0
2023-08-01 00:00:00-04:00,46.44609332180353,46.8859640677805,46.0132242637307,46.493080139160156,237858000,0.0,0.0
2023-08-02 00:00:00-04:00,45.81728537620708,45.826281553952484,43.37401655131389,44.25575256347656,530142000,0.0,0.0
2023-08-03 00:00:00-04:00,43.78689227494137,45.10449866230768,43.78689227494137,44.501678466796875,324176000,0.0,0.0
2023-08-04 00:00:00-04:00,44.97153498419395,45.62833600185848,44.37971313681524,44.6666259765625,362666000,0.0,0.0
2023-08-07 00:00:00-04:00,45.09749608102193,45.52636851408793,44.54965978925512,45.403404235839844,322154000,0.0,0.0
2023-08-08 00:00:00-04:00,44.83957737942901,45.22846090148069,44.042815014721,44.650634765625,353843000,0.0,0.0
2023-08-09 00:00:00-04:00,44.260746156274735,44.29873679566252,42.12138731177839,42.541263580322266,586449000,0.0,0.0
2023-08-10 00:00:00-04:00,42.14738041003293,43.560958632395554,41.8224769271407,42.37531280517578,492705000,0.0,0.0
2023-08-11 00:00:00-04:00,41.73850131421865,42.005423493012486,40.62683467888201,40.842769622802734,533085000,0.0,0.0
2023-08-14 00:00:00-04:00,40.47388206146573,43.78688931335617,40.29893520400989,43.73990249633789,690286000,0.0,0.0
2023-08-15 00:00:00-04:00,44.546662704410736,45.25445095350098,43.69691485676672,43.92684555053711,676512000,0.0,0.0
2023-08-16 00:00:00-04:00,44.506675225166624,44.66162761194856,43.39300642817062,43.472984313964844,527451000,0.0,0.0
2023-08-17 00:00:00-04:00,43.95684006029806,44.04881157697153,42.98812833320266,43.33102798461914,452395000,0.0,0.0
2023-08-18 00:00:00-04:00,42.62223851731026,43.56495708944724,41.64753184077652,43.286041259765625,583768000,0.0,0.0
2023-08-21 00:00:00-04:00,44.480686101049834,47.05091595880217,44.20876812886803,46.952945709228516,692573000,0.0,0.0
2023-08-22 00:00:00-04:00,48.12059190850259,48.17257829786647,45.31943238530079,45.65433120727539,755293000,0.0,0.0
2023-08-23 00:00:00-04:00,45.852276061476815,47.18587650556545,45.194472017435366,47.10190200805664,779046000,0.0,0.0
2023-08-24 00:00:00-04:00,50.20097155752261,50.250955831407516,47.144887213260446,47.14888381958008,1156044000,0.0,0.0
2023-08-25 00:00:00-04:00,46.99792472825722,47.79068655639965,45.0105171979338,46.00422286987305,925341000,0.0,0.0
2023-08-28 00:00:00-04:00,46.46808887996695,46.96594095363947,44.87456792255223,46.82098388671875,685192000,0.0,0.0
2023-08-29 00:00:00-04:00,46.65203534145759,49.06631355636136,46.377116111106176,48.76940155029297,701397000,0.0,0.0
2023-08-30 00:00:00-04:00,49.02931695796873,49.91205204434949,48.41050277980651,49.24925231933594,735206000,0.0,0.0
2023-08-31 00:00:00-04:00,49.365219261447635,49.72910871232107,48.943344701576805,49.34022521972656,528570000,0.0,0.0
2023-09-01 00:00:00-04:00,49.747111189632086,49.78509801922638,48.12759318229079,48.494483947753906,463830000,0.0,0.0
2023-09-05 00:00:00-04:00,48.20856666202687,48.836380870761325,47.84567634345973,48.533470153808594,382653000,0.0,0.0
2023-09-06 00:00:00-04:00,48.43049049585805,48.53846495527357,46.56989426026549,47.05078887939453,468670000,0.004,0.0
2023-09-07 00:00:00-04:00,45.51512046290694,46.333942945538176,45.14220032302692,46.23096466064453,433330000,0.0,0.0
2023-09-08 00:00:00-04:00,45.93203721413119,46.59589085318084,45.261181309917234,45.56211471557617,473069000,0.0,0.0
2023-09-11 00:00:00-04:00,46.13798844187811,46.15298457787713,44.302388169297515,45.1682014465332,473966000,0.0,0.0
2023-09-12 00:00:00-04:00,44.728292494024664,45.66309100707443,44.521336673000484,44.86026382446289,349256000,0.0,0.0
2023-09-13 00:00:00-04:00,44.590325606648456,45.92003898631547,44.49334652200769,45.475135803222656,398355000,0.0,0.0
2023-09-14 00:00:00-04:00,45.940036867697145,45.97702759358959,45.12121421729973,45.57111740112305,370097000,0.0,0.0
2023-09-15 00:00:00-04:00,45.3311616404823,45.58910508065852,43.79849332067842,43.89047622680664,506831000,0.0,0.0
2023-09-18 00:00:00-04:00,42.73872484467253,44.23240013016284,41.990886061188384,43.956459045410156,500271000,0.0,0.0
2023-09-19 00:00:00-04:00,43.82349090415659,43.95646147097967,42.99266990264011,43.51055908203125,373064000,0.0,0.0
2023-09-20 00:00:00-04:00,43.5905442672577,43.89347996835868,42.213843953801515,42.22983932495117,367108000,0.0,0.0
2023-09-21 00:00:00-04:00,41.57398155310917,42.090867716181286,40.971111692598434,41.00810241699219,450736000,0.0,0.0
2023-09-22 00:00:00-04:00,41.56297745421745,42.10586270458524,41.22205184800981,41.60097122192383,479236000,0.0,0.0
2023-09-25 00:00:00-04:00,41.58197739613118,42.52677209508909,41.16806573934706,42.21284103393555,419091000,0.0,0.0
2023-09-26 00:00:00-04:00,41.991889506221476,42.81071211061933,41.645963881784624,41.90190887451172,402282000,0.0,0.0
2023-09-27 00:00:00-04:00,42.32081927248734,42.86270151449771,41.61997112537124,42.45878601074219,444935000,0.0,0.0
2023-09-28 00:00:00-04:00,42.45078574767045,43.436571857908504,42.10586320217722,43.07965087890625,424663000,0.0,0.0
2023-09-29 00:00:00-04:00,43.81748709698716,44.13441963521918,43.297599504338564,43.489559173583984,397830000,0.0,0.0
2023-10-02 00:00:00-04:00,44.020445902068595,45.165197937186285,43.85148385026275,44.77228546142578,433298000,0.0,0.0
2023-10-03 00:00:00-04:00,44.79827718819711,45.120209737977085,43.23661580252635,43.5075569152832,470850000,0.0,0.0
2023-10-04 00:00:00-04:00,43.732513427600885,44.13342743152245,43.28261026480972,44.03144836425781,361821000,0.0,0.0
2023-10-05 00:00:00-04:00,44.040444478163245,44.89026239542491,43.87848086806756,44.678306579589844,393483000,0.0,0.0
2023-10-06 00:00:00-04:00,44.18341158562186,45.77906594918,44.01644800514314,45.752071380615234,434436000,0.0,0.0
2023-10-09 00:00:00-04:00,44.83226972216,45.59510466285044,44.35837354190226,45.26317596435547,409675000,0.0,0.0
2023-10-10 00:00:00-04:00,45.300169973315334,46.24896155664547,45.078218021007295,45.788063049316406,368582000,0.0,0.0
2023-10-11 00:00:00-04:00,46.18597676313658,46.848834936708336,46.04000852987625,46.79584503173828,378137000,0.0,0.0
2023-10-12 00:00:00-04:00,46.766851634863244,47.59867185543915,46.31995002000682,46.934814453125,481325000,0.0,0.0
2023-10-13 00:00:00-04:00,46.94980900179368,47.105777194815445,45.27017324820104,45.451133728027344,474115000,0.0,0.0
2023-10-16 00:00:00-04:00,45.05322525200254,46.214971955293095,44.90225702858628,46.08500289916992,375099000,0.0,0.0
2023-10-17 00:00:00-04:00,43.990453619755996,44.74429164659344,42.47078294613643,43.928466796875,812333000,0.0,0.0
2023-10-18 00:00:00-04:00,42.58176247692141,43.209628442701735,41.81592976624443,42.18684768676758,627294000,0.0,0.0
2023-10-19 00:00:00-04:00,42.80171442848576,43.28760906828134,41.87291508923914,42.09186935424805,501233000,0.0,0.0
2023-10-20 00:00:00-04:00,41.88091045600656,42.460786443226645,41.06908636222019,41.378021240234375,477266000,0.0,0.0
2023-10-23 00:00:00-04:00,41.2200594130733,43.23862259146935,40.936120603000525,42.96567916870117,478530000,0.0,0.0
2023-10-24 00:00:00-04:00,43.06765489272007,43.68751932711319,42.681740855699374,43.653526306152344,401463000,0.0,0.0
2023-10-25 00:00:00-04:00,43.38858385621078,43.64053190169261,41.54598517981048,41.769935607910156,398379000,0.0,0.0
2023-10-26 00:00:00-04:00,41.8439223188261,42.24683478217096,39.87135070882846,40.31725311279297,541001000,0.0,0.0
2023-10-27 00:00:00-04:00,41.12107916067054,41.19706288835013,40.00631934803204,40.491214752197266,416784000,0.0,0.0
2023-10-30 00:00:00-04:00,41.078087648584145,41.756937374568786,40.472216318097786,41.152069091796875,388028000,0.0,0.0
2023-10-31 00:00:00-04:00,40.441226065461485,40.87013385808359,39.221489495968065,40.77115249633789,517969000,0.0,0.0
2023-11-01 00:00:00-04:00,40.87513318998513,42.37181021365025,40.86013705294909,42.31582260131836,437593000,0.0,0.0
2023-11-02 00:00:00-04:00,43.318596367909365,43.87447546449094,42.88469244331082,43.496559143066406,409172000,0.0,0.0
2023-11-03 00:00:00-04:00,44.01045229903028,45.29917035912582,43.713515835001076,44.9952392578125,424610000,0.0,0.0
2023-11-06 00:00:00-05:00,45.2751788812431,45.92503944117264,44.88926100656353,45.7410774230957,400733000,0.0,0.0
2023-11-07 00:00:00-05:00,45.7090851553202,46.2079736557662,45.14820601442707,45.94503402709961,343165000,0.0,0.0
2023-11-08 00:00:00-05:00,46.089996185175195,46.85683187490246,45.95802485564677,46.56389617919922,346719000,0.0,0.0
2023-11-09 00:00:00-05:00,47.4567016556538,48.219536620095575,46.73985814607666,46.939815521240234,540496000,0.0,0.0
2023-11-10 00:00:00-05:00,47.489694555877996,48.46148379599158,47.27274258132555,48.32451248168945,421245000,0.0,0.0
2023-11-13 00:00:00-05:00,48.3095133476546,49.10534203472414,48.088560637562985,48.60944747924805,384136000,0.0,0.0
2023-11-14 00:00:00-05:00,49.669222392926585,49.82318831189333,49.02936184903537,49.645225524902344,416954000,0.0,0.0
2023-11-15 00:00:00-05:00,49.924165501496056,49.94915778818614,48.18954138546032,48.87739181518555,475497000,0.0,0.0
2023-11-16 00:00:00-05:00,48.668443823926914,49.51426102287604,48.319520488019826,49.469268798828125,339756000,0.0,0.0
2023-11-17 00:00:00-05:00,49.513256645753664,49.706215577886056,48.99637049020086,49.28730773925781,325205000,0.0,0.0
2023-11-20 00:00:00-05:00,49.30130154275142,50.53703344120513,49.17032944582602,50.39806365966797,414120000,0.0,0.0
2023-11-21 00:00:00-05:00,50.11512623159056,50.506040257333304,49.211322996479005,49.93316650390625,565747000,0.0,0.0
2023-11-22 00:00:00-05:00,49.84118417144102,50.324077263570715,47.67965072498477,48.70542907714844,899420000,0.0,0.0
2023-11-24 00:00:00-05:00,48.45948613172041,48.910388505292744,47.734641125002064,47.7656364440918,294645000,0.0,0.0
2023-11-27 00:00:00-05:00,47.78962761303188,48.51946876027001,47.64166091593786,48.23153305053711,395662000,0.0,0.0
2023-11-28 00:00:00-05:00,48.22553403951647,48.31251696281012,47.46269910350985,47.81062316894531,401491000,0.0,0.0
2023-11-29 00:00:00-05:00,48.36850895510359,48.75142530857842,47.84962051136987,48.12955856323242,382005000,0.0,0.0
2023-11-30 00:00:00-05:00,48.01357910174825,48.09956279276101,46.411929291343604,46.75985336303711,526247000,0.0,0.0
2023-12-01 00:00:00-05:00,46.51490650601794,47.18975928138089,46.17697859449056,46.754852294921875,369317000,0.0,0.0
2023-12-04 00:00:00-05:00,46.06700036654869,46.06700036654869,45.00023057670214,45.5001220703125,437543000,0.0,0.0
2023-12-05 00:00:00-05:00,45.46012965757519,46.59398212205851,45.265155138434544,46.55998992919922,371718000,0.004,0.0
2023-12-06 00:00:00-05:00,47.20890845018687,47.38088714355837,45.4061396705008,45.497127532958984,380590000,0.0,0.0
2023-12-07 00:00:00-05:00,45.69410440478146,46.622985396654926,45.59811611970399,46.589988708496094,350823000,0.0,0.0
2023-12-08 00:00:00-05:00,46.58898855839427,47.73484058594713,46.543992381849534,47.49987030029297,359224000,0.0,0.0
2023-12-11 00:00:00-05:00,47.4848738786957,47.524865819132266,45.824088881382515,46.6209831237793,509728000,0.0,0.0
2023-12-12 00:00:00-05:00,46.04006001335952,47.65984991307385,46.04006001335952,47.65085220336914,372387000,0.0,0.0
2023-12-13 00:00:00-05:00,47.62285812438418,48.587733805084625,47.601860924639325,48.0817985534668,447792000,0.0,0.0
2023-12-14 00:00:00-05:00,48.383753381746885,48.66371601980363,47.41587982289009,48.34375762939453,391232000,0.0,0.0
2023-12-15 00:00:00-05:00,48.18778055718115,49.39762348496441,48.11378879518039,48.883689880371094,479948000,0.0,0.0
2023-12-18 00:00:00-05:00,49.39362679072908,50.426490620803065,49.1436590515335,50.07053756713867,412587000,0.0,0.0
2023-12-19 00:00:00-05:00,49.41762195219189,49.69358731268788,48.888690887377905,49.597599029541016,464444000,0.0,0.0
2023-12-20 00:00:00-05:00,49.64858914768283,49.992546512815146,48.09179092375153,48.10478973388672,397894000,0.0,0.0
2023-12-21 00:00:00-05:00,48.80470296625796,49.08866671972861,48.41275143876401,48.983680725097656,300425000,0.0,0.0
2023-12-22 00:00:00-05:00,49.18865455242687,49.37663002967363,48.460747808656215,48.82370376586914,252507000,0.0,0.0
2023-12-26 00:00:00-05:00,48.96167953671582,49.593597951148894,48.953681148817424,49.272640228271484,244200000,0.0,0.0
2023-12-27 00:00:00-05:00,49.5046112804265,49.67358818629155,49.07866376145276,49.410621643066406,233648000,0.0,0.0
2023-12-28 00:00:00-05:00,49.63659632606555,49.87756254563602,49.40562332378131,49.51560974121094,246587000,0.0,0.0
2023-12-29 00:00:00-05:00,49.8065725608531,49.990550742456584,48.74470931168001,49.51560974121094,389293000,0.0,0.0
2024-01-02 00:00:00-05:00,49.23764652483016,49.28863863324602,47.588861001195795,48.16178512573242,411254000,0.0,0.0
2024-01-03 00:00:00-05:00,47.47887360095888,48.17778090657943,47.31389397556834,47.562862396240234,320896000,0.0,0.0
2024-01-04 00:00:00-05:00,47.76083683436477,48.4937439935885,47.50187137173364,47.9918098449707,306535000,0.0,0.0
2024-01-05 00:00:00-05:00,48.45574753807187,49.54060659801403,48.29976562623422,49.09066390991211,415039000,0.0,0.0
2024-01-08 00:00:00-05:00,49.50561405268303,52.26825811742922,49.47261736371801,52.24625778198242,642510000,0.0,0.0
2024-01-09 00:00:00-05:00,52.39424129569094,54.3179928878672,51.683330664485815,53.13314437866211,773100000,0.0,0.0
2024-01-10 00:00:00-05:00,53.60908440479591,54.59295480933358,53.48209807269819,54.342987060546875,533796000,0.0,0.0
2024-01-11 00:00:00-05:00,54.99190526600729,55.338860622460956,53.553091731661446,54.81492614746094,596759000,0.0,0.0
2024-01-12 00:00:00-05:00,54.61294954288319,54.962906659560694,54.32298986977946,54.702938079833984,352994000,0.0,0.0
2024-01-16 00:00:00-05:00,55.010902917158035,56.827666009057246,54.892918111469115,56.374725341796875,449580000,0.0,0.0
2024-01-17 00:00:00-05:00,56.33972952062777,56.46371406982757,54.73293843225483,56.04576873779297,474394000,0.0,0.0
2024-01-18 00:00:00-05:00,57.25260858087897,57.59256485444095,56.09975750438697,57.09962844848633,491650000,0.0,0.0
2024-01-19 00:00:00-05:00,57.9815170215376,59.49232366812141,57.21761564924648,59.48332595825195,543501000,0.0,0.0
2024-01-22 00:00:00-05:00,60.041254594359366,60.32321971682958,59.06238077541269,59.646305084228516,452955000,0.0,0.0
2024-01-23 00:00:00-05:00,59.56231402583605,59.90227031190318,58.577440499397255,59.86527633666992,294654000,0.0,0.0
2024-01-24 00:00:00-05:00,60.29622183602526,62.84089170854788,59.930267919820984,61.35408401489258,560271000,0.0,0.0
2024-01-25 00:00:00-05:00,62.34195021351032,62.71090587773652,60.8421438364648,61.609046936035156,482777000,0.0,0.0
2024-01-26 00:00:00-05:00,60.95213470883017,61.77503039592916,60.565187411972744,61.02312469482422,390309000,0.0,0.0
2024-01-29 00:00:00-05:00,61.224097094263215,62.48093486103901,60.89914208348,62.456939697265625,348733000,0.0,0.0
2024-01-30 00:00:00-05:00,62.8918828452899,63.48480480993919,62.25196224796274,62.76589584350586,410735000,0.0,0.0
2024-01-31 00:00:00-05:00,61.432067657610794,62.260963026386705,60.69216531630743,61.51905822753906,453795000,0.0,0.0
2024-02-01 00:00:00-05:00,62.09198515885965,63.18284779495152,61.64204627772699,63.01886749267578,369146000,0.0,0.0
2024-02-02 00:00:00-05:00,63.96574381318089,66.59140440467279,63.68178006388764,66.1514663696289,476578000,0.0,0.0
2024-02-05 00:00:00-05:00,68.21619959225107,69.48803871762314,67.19633449671375,69.32305908203125,680078000,0.0,0.0
2024-02-06 00:00:00-05:00,69.62101914286447,69.74500370351673,66.29145431155135,68.21420288085938,683111000,0.0,0.0
2024-02-07 00:00:00-05:00,68.31018154657963,70.21093713968196,67.59127258616114,70.08995056152344,495575000,0.0,0.0
2024-02-08 00:00:00-05:00,70.06495419073325,70.7848624926336,69.44603840789426,69.63201141357422,414422000,0.0,0.0
2024-02-09 00:00:00-05:00,70.52389573078322,72.17568298804885,70.20293800619787,72.12369537353516,436637000,0.0,0.0
2024-02-12 00:00:00-05:00,72.59062993110275,74.60137201174584,71.24080566523297,72.23867797851562,613710000,0.0,0.0
2024-02-13 00:00:00-05:00,70.39091665638753,73.44051848770306,69.61101853315542,72.11869049072266,602580000,0.0,0.0
2024-02-14 00:00:00-05:00,73.19255681199634,74.22641995749672,71.92871999133364,73.89046478271484,504917000,0.0,0.0
2024-02-15 00:00:00-05:00,73.85947048948483,73.96545198901319,72.39065829437318,72.64862060546875,420122000,0.0,0.0
2024-02-16 00:00:00-05:00,74.0904377174368,74.39240070474195,72.49164500494284,72.60363006591797,495327000,0.0,0.0
2024-02-20 00:00:00-05:00,71.93771201535995,71.94671353888243,67.72525837276815,69.44303894042969,704833000,0.0,0.0
2024-02-21 00:00:00-05:00,67.99722266948034,68.87911265881672,66.23945387804349,67.46329498291016,690298000,0.0,0.0
2024-02-22 00:00:00-05:00,75.01531559827063,78.56485270676559,74.21041922077926,78.52786254882812,865100000,0.0,0.0
2024-02-23 00:00:00-05:00,80.77956853046568,82.383357683833,77.5599831074139,78.80682373046875,829388000,0.0,0.0
2024-02-26 00:00:00-05:00,79.68971803471996,80.6356028030702,78.4948724590801,79.08180236816406,503973000,0.0,0.0
2024-02-27 00:00:00-05:00,79.37075424010655,79.4697481181925,77.1520464144503,78.69084167480469,391705000,0.0,0.0
2024-02-28 00:00:00-05:00,77.60999089784114,78.92281745115523,77.11505199939683,77.65298461914062,393110000,0.0,0.0
2024-02-29 00:00:00-05:00,79.08379596245554,79.97967644233462,78.33988866820444,79.10179138183594,507289000,0.0,0.0
2024-03-01 00:00:00-05:00,79.98967404341408,82.28938022352614,79.42474452939133,82.26837921142578,479135000,0.0,0.0
2024-03-04 00:00:00-05:00,84.11913854790082,87.68368085246001,83.70819611191791,85.22599792480469,615616000,0.0,0.0
2024-03-05 00:00:00-05:00,85.26299642687819,86.08993201326606,83.41015172195517,85.95693969726562,520639000,0.004,0.0
2024-03-06 00:00:00-05:00,88.01477279440111,89.71662883719706,87.02284988595184,88.69271087646484,582520000,0.0,0.0
2024-03-07 00:00:00-05:00,90.15058931171113,92.7593761031518,89.59463523949647,92.66138458251953,608119000,0.0,0.0
2024-03-08 00:00:00-05:00,95.13018874447543,97.39200405005745,86.49889373073181,87.52081298828125,1142269000,0.0,0.0
2024-03-11 00:00:00-04:00,86.42190514881379,88.78970695530357,84.1590904498539,85.76696014404297,678364000,0.0,0.0
2024-03-12 00:00:00-04:00,88.04176803084893,91.95244212182595,86.14292200924095,91.90544891357422,668075000,0.0,0.0
2024-03-13 00:00:00-04:00,91.0475250472952,91.4964856839228,88.42773739264784,90.88053894042969,635713000,0.0,0.0
2024-03-14 00:00:00-04:00,89.56964428305254,90.63855670351116,86.59288385392387,87.93677520751953,602318000,0.0,0.0
2024-03-15 00:00:00-04:00,86.92285742430788,89.53863978699403,86.24991620221846,87.82978057861328,642086000,0.0,0.0
2024-03-18 00:00:00-04:00,90.3805785830342,92.3974112550504,87.07784839402532,88.44773864746094,668976000,0.0,0.0
2024-03-19 00:00:00-04:00,86.69287897399715,90.53656515570573,85.00302290869789,89.39066314697266,672171000,0.0,0.0
2024-03-20 00:00:00-04:00,89.7896209018663,90.40257713964213,88.21575269672343,90.36457824707031,479063000,0.0,0.0
2024-03-21 00:00:00-04:00,92.29242470575461,92.64039570579905,90.39757602373332,91.427490234375,480372000,0.0,0.0
2024-03-22 00:00:00-04:00,91.1335135463239,94.77021588166438,90.82653955323427,94.28125762939453,586719000,0.0,0.0
2024-03-25 00:00:00-04:00,93.93328418748578,96.75804904865721,93.5023198403269,94.99419403076172,552136000,0.0,0.0
2024-03-26 00:00:00-04:00,95.84312895231521,96.36708800909649,92.49440486791595,92.55339813232422,513648000,0.0,0.0
2024-03-27 00:00:00-04:00,93.10434857198653,93.23233640651344,89.11567793176135,90.24258422851562,586067000,0.0,0.0
2024-03-28 00:00:00-04:00,89.99260584733342,91.2925020944131,89.1856729416275,90.34857940673828,435212000,0.0,0.0
2024-04-01 00:00:00-04:00,90.29158545747126,92.21742210832323,89.19667419209408,90.35557556152344,452441000,0.0,0.0
2024-04-02 00:00:00-04:00,88.440733403553,90.08660193279582,87.61280611034512,89.44465637207031,433064000,0.0,0.0
2024-04-03 00:00:00-04:00,88.47673163441857,90.36657574855839,88.39273890173536,88.9566879272461,370067000,0.0,0.0
2024-04-04 00:00:00-04:00,90.39857127799377,90.6265570027439,85.87294211737935,85.89794158935547,434965000,0.0,0.0
2024-04-05 00:00:00-04:00,86.85886603106233,88.47373893999085,85.91894838813401,88.00077819824219,399678000,0.0,0.0
2024-04-08 00:00:00-04:00,88.69271187648715,88.82270608179196,86.72487882107814,87.12584686279297,283220000,0.0,0.0
2024-04-09 00:00:00-04:00,87.43481840978946,87.62780334917471,83.01518332208828,85.34698486328125,503547000,0.0,0.0
2024-04-10 00:00:00-04:00,83.91910943857809,87.39282313331631,83.70212439294349,87.03185272216797,431929000,0.0,0.0
2024-04-11 00:00:00-04:00,87.41281450827279,90.73154201651745,86.91885943542384,90.60855102539062,431637000,0.0,0.0
2024-04-12 00:00:00-04:00,89.69163298094708,90.16759945387551,87.52281234301554,88.17875671386719,426805000,0.0,0.0
2024-04-15 00:00:00-04:00,89.09068034071944,90.60555527603537,85.92194194970466,85.99393463134766,443077000,0.0,0.0
2024-04-16 00:00:00-04:00,86.42590004731537,88.11075921963818,86.05693468586088,87.40782165527344,370453000,0.0,0.0
2024-04-17 00:00:00-04:00,88.33273802298255,88.76770746946335,83.94309933063248,84.0280990600586,495400000,0.0,0.0
2024-04-18 00:00:00-04:00,84.96301864167438,86.18291960634812,82.39522887879554,84.6640396118164,447260000,0.0,0.0
2024-04-19 00:00:00-04:00,83.14317481934737,84.31707440466721,75.59979547167349,76.19374084472656,875198000,0.0,0.0
2024-04-22 00:00:00-04:00,78.09758164616238,80.06642170334018,76.3937268431725,79.51146697998047,596341000,0.0,0.0
2024-04-23 00:00:00-04:00,80.76236571970036,82.76220151133049,80.25740992867027,82.41622924804688,438559000,0.0,0.0
2024-04-24 00:00:00-04:00,83.94309987144231,84.07509281059198,79.17649322252929,79.67045593261719,512208000,0.0,0.0
2024-04-25 00:00:00-04:00,78.86151535637116,83.31615110432372,78.21657171493773,82.62521362304688,424641000,0.0,0.0
2024-04-26 00:00:00-04:00,83.8111129019674,88.32374252650386,83.38014856427027,87.72779083251953,551011000,0.0,0.0
2024-04-29 00:00:00-04:00,87.58780475237849,87.98476768118537,85.25899371388336,87.74979400634766,388971000,0.0,0.0
2024-04-30 00:00:00-04:00,87.232833710461,88.81170642307184,86.2929160908737,86.39490509033203,363709000,0.0,0.0
2024-05-01 00:00:00-04:00,85.07001557057481,85.99293628007185,81.24832327035563,83.0341796875,559863000,0.0,0.0
2024-05-02 00:00:00-04:00,84.44206031364787,86.22991544982045,83.19316236527135,85.80995178222656,377898000,0.0,0.0
2024-05-03 00:00:00-04:00,87.78178991012078,89.27366411302147,87.03285088853973,88.78170776367188,398341000,0.0,0.0
2024-05-06 00:00:00-04:00,89.3826569146713,92.21242628999524,89.04768534695009,92.13243103027344,376203000,0.0,0.0
2024-05-07 00:00:00-04:00,91.09051622570286,91.77345877724092,89.00368967864648,90.54656219482422,437342000,0.0,0.0
2024-05-08 00:00:00-04:00,89.47565458498867,91.18651263627476,89.41265621794126,90.40457916259766,325721000,0.0,0.0
2024-05-09 00:00:00-04:00,90.52156695597205,91.06452164365942,88.22375909901288,88.73971557617188,378013000,0.0,0.0
2024-05-10 00:00:00-04:00,90.29757996461986,91.39349057789015,89.2196656141786,89.87061309814453,335325000,0.0,0.0
2024-05-13 00:00:00-04:00,90.47056693838834,90.99052850904854,88.52172948894317,90.3915786743164,289680000,0.0,0.0
2024-05-14 00:00:00-04:00,89.59163608378744,91.643469410402,88.92668981576354,91.34849548339844,296507000,0.0,0.0
2024-05-15 00:00:00-04:00,92.46440305988116,94.8542060984831,91.59147368288981,94.62222290039062,417735000,0.0,0.0
2024-05-16 00:00:00-04:00,94.90220693315226,95.8111288423387,94.09526639173929,94.35124969482422,323952000,0.0,0.0
2024-05-17 00:00:00-04:00,94.36124911956539,94.73221320330295,91.79845617814131,92.47139739990234,359691000,0.0,0.0
2024-05-20 00:00:00-04:00,93.74230258639537,95.19218048155771,93.43233048038215,94.772216796875,318764000,0.0,0.0
2024-05-21 00:00:00-04:00,93.59131042680127,95.39216498768425,93.17234612677233,95.37816619873047,328946000,0.0,0.0
2024-05-22 00:00:00-04:00,95.45116059355922,96.01211153407259,93.24134299298854,94.94219970703125,548648000,0.0,0.0
2024-05-23 00:00:00-04:00,102.01962324595576,106.31127068406269,101.51166171882119,103.79048156738281,835065000,0.0,0.0
2024-05-24 00:00:00-04:00,104.44042009515766,106.46625469553604,102.99154158997729,106.46025848388672,429494000,0.0,0.0
2024-05-28 00:00:00-04:00,110.23494997366184,114.92956411150458,109.87397955822901,113.89164733886719,652728000,0.0,0.0
2024-05-29 00:00:00-04:00,113.04071889038978,115.48251205654991,110.89189330065672,114.81556701660156,557442000,0.0,0.0
2024-05-30 00:00:00-04:00,114.64058157101344,115.8094842411721,109.65399180469103,110.49092102050781,487350000,0.0,0.0
2024-05-31 00:00:00-04:00,112.51075688754003,112.70774693565158,106.93122089583187,109.6240005493164,613263000,0.0,0.0
2024-06-03 00:00:00-04:00,113.61167026680853,114.99055480957031,111.99379931163224,114.99055480957031,438392000,0.0,0.0
2024-06-04 00:00:00-04:00,115.70649539895072,116.59041782001754,114.03562745115804,116.42742919921875,403324000,0.0,0.0
2024-06-05 00:00:00-04:00,118.36128082712908,122.4389412168359,117.4583551092207,122.42994689941406,528402000,0.0,0.0
2024-06-06 00:00:00-04:00,124.03780483468498,125.57667985637283,118.31027861624948,120.9880599975586,664696000,0.0,0.0
2024-06-07 00:00:00-04:00,119.76016259756668,121.68200948578337,118.01231265214732,120.8780746459961,412386000,0.0,0.0
2024-06-10 00:00:00-04:00,120.36011722924495,123.08988875291695,117.00039256259637,121.77999877929688,314162700,0.0,10.0
2024-06-11 00:00:00-04:00,121.7699966430664,122.87000274658203,118.73999786376953,120.91000366210938,222551200,0.01,0.0
2024-06-12 00:00:00-04:00,123.05999755859375,126.87999725341797,122.56999969482422,125.19999694824219,299595000,0.0,0.0
2024-06-13 00:00:00-04:00,129.38999938964844,129.8000030517578,127.16000366210938,129.61000061035156,260704500,0.0,0.0
2024-06-14 00:00:00-04:00,129.9600067138672,132.83999633789062,128.32000732421875,131.8800048828125,309320400,0.0,0.0
2024-06-17 00:00:00-04:00,132.99000549316406,133.72999572753906,129.5800018310547,130.97999572753906,288504400,0.0,0.0
2024-06-18 00:00:00-04:00,131.13999938964844,136.3300018310547,130.69000244140625,135.5800018310547,294335100,0.0,0.0
2024-06-20 00:00:00-04:00,139.8000030517578,140.75999450683594,129.52000427246094,130.77999877929688,517768400,0.0,0.0
2024-06-21 00:00:00-04:00,127.12000274658203,130.6300048828125,124.30000305175781,126.56999969482422,655484700,0.0,0.0
2024-06-24 00:00:00-04:00,123.23999786376953,124.45999908447266,118.04000091552734,118.11000061035156,476060900,0.0,0.0
2024-06-25 00:00:00-04:00,121.19999694824219,126.5,119.31999969482422,126.08999633789062,425787500,0.0,0.0
2024-06-26 00:00:00-04:00,126.12999725341797,128.1199951171875,122.5999984741211,126.4000015258789,362975900,0.0,0.0
2024-06-27 00:00:00-04:00,124.0999984741211,126.41000366210938,122.91999816894531,123.98999786376953,252571700,0.0,0.0
2024-06-28 00:00:00-04:00,124.58000183105469,127.70999908447266,122.75,123.54000091552734,315516700,0.0,0.0
2024-07-01 00:00:00-04:00,123.47000122070312,124.83999633789062,118.83000183105469,124.30000305175781,284885500,0.0,0.0
2024-07-02 00:00:00-04:00,121.12999725341797,123.41000366210938,121.02999877929688,122.66999816894531,218374000,0.0,0.0
2024-07-03 00:00:00-04:00,121.66000366210938,128.27999877929688,121.36000061035156,128.27999877929688,215749000,0.0,0.0
2024-07-05 00:00:00-04:00,127.37999725341797,128.85000610351562,125.68000030517578,125.83000183105469,214176700,0.0,0.0
2024-07-08 00:00:00-04:00,127.48999786376953,130.77000427246094,127.04000091552734,128.1999969482422,237677300,0.0,0.0
2024-07-09 00:00:00-04:00,130.35000610351562,133.82000732421875,128.64999389648438,131.3800048828125,285366600,0.0,0.0
2024-07-10 00:00:00-04:00,134.02999877929688,135.10000610351562,132.4199981689453,134.91000366210938,248978600,0.0,0.0
2024-07-11 00:00:00-04:00,135.75,136.14999389648438,127.05000305175781,127.4000015258789,374782700,0.0,0.0
2024-07-12 00:00:00-04:00,128.25999450683594,131.9199981689453,127.22000122070312,129.24000549316406,252680500,0.0,0.0
2024-07-15 00:00:00-04:00,130.55999755859375,131.38999938964844,127.18000030517578,128.44000244140625,208326200,0.0,0.0
2024-07-16 00:00:00-04:00,128.44000244140625,129.0399932861328,124.58000183105469,126.36000061035156,214769500,0.0,0.0
2024-07-17 00:00:00-04:00,121.3499984741211,121.8499984741211,116.72000122070312,117.98999786376953,390086200,0.0,0.0
2024-07-18 00:00:00-04:00,121.8499984741211,122.4000015258789,116.55999755859375,121.08999633789062,320979500,0.0,0.0
2024-07-19 00:00:00-04:00,120.3499984741211,121.5999984741211,117.37000274658203,117.93000030517578,217223800,0.0,0.0
2024-07-22 00:00:00-04:00,120.3499984741211,124.06999969482422,119.86000061035156,123.54000091552734,258068900,0.0,0.0
2024-07-23 00:00:00-04:00,122.77999877929688,124.69000244140625,122.0999984741211,122.58999633789062,173911000,0.0,0.0
2024-07-24 00:00:00-04:00,119.16999816894531,119.94999694824219,113.44000244140625,114.25,327776900,0.0,0.0
2024-07-25 00:00:00-04:00,113.04000091552734,116.62999725341797,106.30000305175781,112.27999877929688,460067000,0.0,0.0
2024-07-26 00:00:00-04:00,116.19000244140625,116.19999694824219,111.58000183105469,113.05999755859375,293399100,0.0,0.0
2024-07-29 00:00:00-04:00,113.69000244140625,116.27999877929688,111.30000305175781,111.58999633789062,248152100,0.0,0.0
2024-07-30 00:00:00-04:00,111.5199966430664,111.98999786376953,102.54000091552734,103.7300033569336,486833300,0.0,0.0
2024-07-31 00:00:00-04:00,112.9000015258789,118.33999633789062,110.87999725341797,117.0199966430664,473174200,0.0,0.0
2024-08-01 00:00:00-04:00,117.52999877929688,120.16000366210938,106.80999755859375,109.20999908447266,523462300,0.0,0.0
2024-08-02 00:00:00-04:00,103.76000213623047,108.72000122070312,101.37000274658203,107.2699966430664,482027500,0.0,0.0
2024-08-05 00:00:00-04:00,92.05999755859375,103.41000366210938,90.69000244140625,100.44999694824219,552842400,0.0,0.0
2024-08-06 00:00:00-04:00,103.83999633789062,107.70999908447266,100.55000305175781,104.25,409012100,0.0,0.0
2024-08-07 00:00:00-04:00,107.80999755859375,108.80000305175781,98.69000244140625,98.91000366210938,411440400,0.0,0.0
2024-08-08 00:00:00-04:00,102.0,105.5,97.5199966430664,104.97000122070312,391910000,0.0,0.0
2024-08-09 00:00:00-04:00,105.63999938964844,106.5999984741211,103.43000030517578,104.75,290844200,0.0,0.0
